888225,Lupane,Lupane,-18.93149,27.80696,PPLA,ZW,1200,Africa/Harare
888667,Lalapanzi,Lalapanzi,-19.33225,30.17768,PPL,ZW,1390,Africa/Harare
889390,Kamativi Mine,Kamativi Mine,-18.31563,27.05729,PPL,ZW,1575,Africa/Harare
895308,Beatrice,Beatrice,-18.25283,30.8473,PPL,ZW,1647,Africa/Harare
892156,Dorowa Mining Lease,Dorowa Mining Lease,-19.06667,31.75,PPL,ZW,1676,Africa/Harare
890242,Headlands,Headlands,-18.27733,32.0515,PPL,ZW,1728,Africa/Harare
891515,Filabusi,Filabusi,-20.53333,29.28502,PPL,ZW,1756,Africa/Harare
893397,Chirundu,Chirundu,-16.03333,28.85,PPL,ZW,1911,Africa/Harare
882722,Raffingora,Raffingora,-17.03333,30.43333,PPL,ZW,1957,Africa/Harare
883258,Nyazura,Nyazura,-18.70587,32.16796,PPL,ZW,2110,Africa/Harare
882859,Plumtree,Plumtree,-20.48333,27.81667,PPL,ZW,2148,Africa/Harare
891699,Esigodini,Esigodini,-20.28979,28.92261,PPL,ZW,2228,Africa/Harare
889795,Insiza,Insiza,-19.78333,29.2,PPL,ZW,2645,Africa/Harare
893813,Chimanimani,Chimanimani,-19.8,32.86667,PPL,ZW,2752,Africa/Harare
892440,Dete,Dete,-18.61667,26.86667,PPL,ZW,2993,Africa/Harare
894460,Centenary,Centenary,-16.72289,31.11462,PPL,ZW,3388,Africa/Harare
883183,Odzi,Odzi,-18.96167,32.40557,PPL,ZW,3438,Africa/Harare
888089,Macheke,Macheke,-18.13901,31.84933,PPL,ZW,3642,Africa/Harare
881331,Shangani,Shangani,-19.78333,29.36667,PPL,ZW,3835,Africa/Harare
895057,Binga,Binga,-17.62027,27.34139,PPL,ZW,4327,Africa/Harare
884814,Mvuma,Mvuma,-19.27924,30.52828,PPL,ZW,4331,Africa/Harare
883481,Nyanga,Nyanga,-18.21667,32.75,PPL,ZW,4852,Africa/Harare
892876,Concession,Concession,-17.38333,30.95,PPL,ZW,4983,Africa/Harare
885800,Mount Darwin,Mount Darwin,-16.77251,31.58381,PPL,ZW,6349,Africa/Harare
894413,Chakari,Chakari,-18.06294,29.89246,PPL,ZW,6472,Africa/Harare
886146,Mhangura,Mhangura,-16.89387,30.16828,PPL,ZW,6503,Africa/Harare
882955,Penhalonga,Penhalonga,-18.89112,32.69781,PPL,ZW,7681,Africa/Harare
884798,Mvurwi,Mvurwi,-17.03333,30.85,PPL,ZW,7970,Africa/Harare
889723,Inyati,Inyati,-19.67563,28.84687,PPL,ZW,8402,Africa/Harare
885159,Murehwa,Murehwa,-17.64322,31.784,PPL,ZW,8559,Africa/Harare
884927,Mutoko,Mutoko,-17.39699,32.22677,PPL,ZW,9532,Africa/Harare
895417,Banket,Banket,-17.38333,30.4,PPL,ZW,9641,Africa/Harare
891099,Glendale,Glendale,-17.35514,31.06718,PPL,ZW,9768,Africa/Harare
886384,Mazowe,Mazowe,-17.50404,30.97388,PPL,ZW,9966,Africa/Harare
881345,Shamva,Shamva,-17.31159,31.57561,PPL,ZW,10317,Africa/Harare
893172,Chivhu,Chivhu,-19.02112,30.89218,PPL,ZW,10369,Africa/Harare
886864,Mashava,Mashava,-20.03665,30.48225,PPL,ZW,12994,Africa/Harare
890516,Gwanda,Gwanda,-20.93333,29,PPLA,ZW,14450,Africa/Harare
881164,Shurugwi,Shurugwi,-19.67016,30.00589,PPL,ZW,17075,Africa/Harare
893549,Chipinge,Chipinge,-20.18833,32.62365,PPL,ZW,18860,Africa/Harare
890983,Gokwe,Gokwe,-18.20476,28.9349,PPL,ZW,18942,Africa/Harare
889191,Karoi,Karoi,-16.80993,29.69247,PPL,ZW,25030,Africa/Harare
889215,Kariba,Kariba,-16.51667,28.8,PPL,ZW,25531,Africa/Harare
895269,Beitbridge,Beitbridge,-22.21667,30,PPL,ZW,26459,Africa/Harare
893485,Chiredzi,Chiredzi,-21.05,31.66667,PPL,ZW,28205,Africa/Harare
882100,Rusape,Rusape,-18.52785,32.12843,PPL,ZW,29292,Africa/Harare
882599,Redcliff,Redcliff,-19.03333,29.78333,PPL,ZW,33197,Africa/Harare
889942,Hwange,Hwange,-18.36446,26.49877,PPL,ZW,33210,Africa/Harare
879431,Victoria Falls,Victoria Falls,-17.93285,25.83066,PPL,ZW,35761,Africa/Harare
878549,Zvishavane,Zvishavane,-20.32674,30.06648,PPL,ZW,35896,Africa/Harare
895061,Bindura,Bindura,-17.30192,31.33056,PPLA,ZW,37423,Africa/Harare
894239,Chegutu,Chegutu,-18.13021,30.14074,PPL,ZW,47294,Africa/Harare
884141,Norton,Norton,-17.88333,30.7,PPL,ZW,52054,Africa/Harare
886990,Marondera,Marondera,-18.18527,31.55193,PPLA,ZW,57082,Africa/Harare
893697,Chinhoyi,Chinhoyi,-17.36667,30.2,PPLA,ZW,61739,Africa/Harare
886763,Masvingo,Masvingo,-20.06373,30.82766,PPLA,ZW,76290,Africa/Harare
889453,Kadoma,Kadoma,-18.33328,29.91534,PPL,ZW,79174,Africa/Harare
888710,Kwekwe,Kwekwe,-18.92809,29.81486,PPL,ZW,99149,Africa/Harare
1085510,Epworth,Epworth,-17.89,31.1475,PPLX,ZW,123250,Africa/Harare
890422,Gweru,Gweru,-19.45,29.81667,PPLA,ZW,146073,Africa/Harare
884979,Mutare,Mutare,-18.9707,32.67086,PPLA,ZW,184205,Africa/Harare
1106542,Chitungwiza,Chitungwiza,-18.01274,31.07555,PPL,ZW,340360,Africa/Harare
894701,Bulawayo,Bulawayo,-20.15,28.58333,PPLA,ZW,699385,Africa/Harare
890299,Harare,Harare,-17.82772,31.05337,PPLC,ZW,1542813,Africa/Harare
900056,Nyimba,Nyimba,-14.55656,30.8149,PPL,ZM,1336,Africa/Lusaka
917011,Gwembe,Gwembe,-16.49755,27.60691,PPL,ZM,2052,Africa/Lusaka
176758,Kaputa,Kaputa,-8.46887,29.66193,PPL,ZM,2683,Africa/Lusaka
909887,Luangwa,Luangwa,-15.61667,30.41667,PPL,ZM,3065,Africa/Lusaka
909488,Lukulu,Lukulu,-14.37067,23.24196,PPL,ZM,3349,Africa/Lusaka
175967,Mporokoso,Mporokoso,-9.37273,30.12501,PPL,ZM,3401,Africa/Lusaka
921028,Chadiza,Chadiza,-14.06779,32.43917,PPL,ZM,3690,Africa/Lusaka
920901,Chama,Chama,-11.21303,33.1521,PPL,ZM,4061,Africa/Lusaka
902721,Mwense,Mwense,-10.38447,28.698,PPL,ZM,4378,Africa/Lusaka
901766,Namwala,Namwala,-15.75042,26.43839,PPL,ZM,4450,Africa/Lusaka
920233,Chibombo,Chibombo,-14.65685,28.07057,PPL,ZM,4477,Africa/Lusaka
897045,Solwezi,Solwezi,-12.1688,26.38938,PPLA,ZM,4846,Africa/Lusaka
912628,Kasempa,Kasempa,-13.45836,25.8338,PPL,ZM,5622,Africa/Lusaka
917688,Chongwe,Chongwe,-15.32916,28.68204,PPL,ZM,6057,Africa/Lusaka
905382,Mufumbwe,Mufumbwe,-13.68333,24.8,PPL,ZM,6155,Africa/Lusaka
908913,Luwingu,Luwingu,-10.2621,29.92712,PPL,ZM,6161,Africa/Lusaka
916246,Kabompo,Kabompo,-13.59268,24.20081,PPL,ZM,6592,Africa/Lusaka
904241,Mungwi,Mungwi,-10.1732,31.36942,PPL,ZM,6821,Africa/Lusaka
895953,Zambezi,Zambezi,-13.54323,23.10467,PPL,ZM,7074,Africa/Lusaka
910361,Limulunga,Limulunga,-15.09691,23.13757,PPL,ZM,7461,Africa/Lusaka
915285,Kalengwa,Kalengwa,-13.46586,25.00271,PPL,ZM,7574,Africa/Lusaka
915471,Kalabo,Kalabo,-14.97005,22.68138,PPL,ZM,7731,Africa/Lusaka
175961,Mpulungu,Mpulungu,-8.76234,31.11405,PPL,ZM,8547,Africa/Lusaka
898912,Serenje,Serenje,-13.23251,30.23522,PPL,ZM,8779,Africa/Lusaka
905789,Mpongwe,Mpongwe,-13.50914,28.15504,PPL,ZM,8997,Africa/Lusaka
898947,Senanga,Senanga,-16.11667,23.26667,PPL,ZM,10005,Africa/Lusaka
902344,Nakambala,Nakambala,-15.83244,27.77994,PPL,ZM,10425,Africa/Lusaka
175555,Nakonde,Nakonde,-9.34213,32.745,PPL,ZM,10652,Africa/Lusaka
920820,Chambishi,Chambishi,-12.63247,28.05367,PPL,ZM,11073,Africa/Lusaka
897456,Sinazongwe,Sinazongwe,-17.2614,27.46179,PPL,ZM,11528,Africa/Lusaka
909299,Lundazi,Lundazi,-12.29292,33.1782,PPL,ZM,11635,Africa/Lusaka
908718,Maamba,Maamba,-17.36667,27.15,PPL,ZM,12251,Africa/Lusaka
906221,Mkushi,Mkushi,-13.62015,29.3939,PPL,ZM,12306,Africa/Lusaka
916668,Isoka,Isoka,-10.16062,32.63353,PPL,ZM,13122,Africa/Lusaka
902620,Mwinilunga,Mwinilunga,-11.73584,24.42926,PPL,ZM,13798,Africa/Lusaka
912226,Kataba,Kataba,-11.88333,29.78333,PPL,ZM,14000,Africa/Lusaka
918905,Chinsali,Chinsali,-10.54142,32.08162,PPL,ZM,14015,Africa/Lusaka
913323,Kaoma,Kaoma,-14.78333,24.8,PPL,ZM,14212,Africa/Lusaka
898188,Siavonga,Siavonga,-16.53818,28.70876,PPL,ZM,18638,Africa/Lusaka
904422,Mumbwa,Mumbwa,-14.98293,27.0619,PPL,ZM,19086,Africa/Lusaka
899825,Petauke,Petauke,-14.24264,31.3253,PPL,ZM,19296,Africa/Lusaka
898905,Sesheke,Sesheke,-17.47593,24.29684,PPL,ZM,20149,Africa/Lusaka
899274,Samfya,Samfya,-11.36491,29.55652,PPL,ZM,20470,Africa/Lusaka
176146,Mbala,Mbala,-8.84024,31.36587,PPL,ZM,20570,Africa/Lusaka
176555,Kawambwa,Kawambwa,-9.7915,29.07913,PPL,ZM,20589,Africa/Lusaka
175499,Nchelenge,Nchelenge,-9.34506,28.73396,PPL,ZM,23693,Africa/Lusaka
905846,Mpika,Mpika,-11.83431,31.45287,PPL,ZM,28445,Africa/Lusaka
906044,Monze,Monze,-16.28333,27.48333,PPL,ZM,30257,Africa/Lusaka
913029,Kapiri Mposhi,Kapiri Mposhi,-13.97147,28.66985,PPL,ZM,37942,Africa/Lusaka
913613,Kansanshi,Kansanshi,-12.09514,26.42727,PPL,ZM,40705,Africa/Lusaka
907770,Mansa,Mansa,-11.19976,28.89431,PPLA,ZM,42277,Africa/Lusaka
917748,Choma,Choma,-16.80648,26.95305,PPL,ZM,46746,Africa/Lusaka
915883,Kafue,Kafue,-15.76911,28.18136,PPL,ZM,47554,Africa/Lusaka
906054,Mongu,Mongu,-15.24835,23.12741,PPLA,ZM,52534,Africa/Lusaka
919544,Chililabombwe,Chililabombwe,-12.36475,27.82286,PPL,ZM,57328,Africa/Lusaka
907111,Mazabuka,Mazabuka,-15.85601,27.748,PPL,ZM,64006,Africa/Lusaka
914959,Kalulushi,Kalulushi,-12.84151,28.09479,PPL,ZM,66575,Africa/Lusaka
918702,Chipata,Chipata,-13.63333,32.65,PPLA,ZM,85963,Africa/Lusaka
912764,Kasama,Kasama,-10.21289,31.18084,PPLA,ZM,91056,Africa/Lusaka
910111,Livingstone,Livingstone,-17.84194,25.85425,PPLA,ZM,109203,Africa/Lusaka
909863,Luanshya,Luanshya,-13.13667,28.41661,PPL,ZM,113365,Africa/Lusaka
905395,Mufulira,Mufulira,-12.54982,28.24071,PPL,ZM,120500,Africa/Lusaka
919009,Chingola,Chingola,-12.52897,27.88382,PPL,ZM,148564,Africa/Lusaka
916095,Kabwe,Kabwe,-14.4469,28.44644,PPLA,ZM,188979,Africa/Lusaka
901344,Ndola,Ndola,-12.95867,28.63659,PPLA,ZM,394518,Africa/Lusaka
911148,Kitwe,Kitwe,-12.80243,28.21323,PPL,ZM,400914,Africa/Lusaka
909137,Lusaka,Lusaka,-15.40669,28.28713,PPLC,ZM,1267440,Africa/Lusaka
972673,Muldersdriseloop,Muldersdriseloop,-26.03673,27.83798,PPL,ZA,1500,Africa/Johannesburg
996256,Hluhluwe,Hluhluwe,-28.01895,32.26762,PPLA3,ZA,1500,Africa/Johannesburg
1003763,Frankfort,Frankfort,-27.27888,28.49696,PPLA3,ZA,1900,Africa/Johannesburg
6942529,Sunset Beach,Sunset Beach,-33.85395,18.49231,PPL,ZA,2000,Africa/Johannesburg
1014012,Carolina,Carolina,-26.06927,30.11489,PPLA3,ZA,2952,Africa/Johannesburg
975144,Modderfontein,Modderfontein,-26.08909,28.16534,PPL,ZA,3000,Africa/Johannesburg
945813,Utrecht,Utrecht,-27.65862,30.32166,PPLA3,ZA,3575,Africa/Johannesburg
3370105,Bergvliet,Bergvliet,-34.04746,18.4525,PPLX,ZA,3902,Africa/Johannesburg
969582,Noupoort,Noupoort,-31.18736,24.94991,PPL,ZA,3924,Africa/Johannesburg
8642862,Graksop,Graksop,-24.93174,30.84008,PPL,ZA,3996,Africa/Johannesburg
3369179,Caledon,Caledon,-34.22997,19.4265,PPLA3,ZA,4687,Africa/Johannesburg
7506857,Newlands,Newlands,-33.97846,18.4481,PPL,ZA,5343,Africa/Johannesburg
1014034,Carnarvon,Carnarvon,-30.96827,22.13303,PPLA3,ZA,5785,Africa/Johannesburg
3369056,Constantia,Constantia,-34.03139,18.41833,PPL,ZA,6922,Africa/Johannesburg
939676,Willowmore,Willowmore,-33.29265,23.48954,PPLA3,ZA,7100,Africa/Johannesburg
10295373,Hardys Memories of Africa,Hardys Memories of Africa,-33.90539,20.7169,PPLS,ZA,7500,Africa/Johannesburg
3369174,Calvinia,Calvinia,-31.47069,19.77601,PPLA3,ZA,8146,Africa/Johannesburg
986134,Kuruman,Kuruman,-27.4524,23.43246,PPLA2,ZA,9093,Africa/Johannesburg
1008858,Dordrecht,Dordrecht,-31.372,27.04878,PPL,ZA,9123,Africa/Johannesburg
991664,Kathu,Kathu,-27.69569,23.04929,PPLA3,ZA,9219,Africa/Johannesburg
1023332,Alice,Alice,-32.78749,26.8344,PPL,ZA,9788,Africa/Johannesburg
961226,Ritchie,Ritchie,-29.03801,24.60278,PPL,ZA,9960,Africa/Johannesburg
967580,Orange Farm,Orange Farm,-26.48333,27.86667,PPLX,ZA,10000,Africa/Johannesburg
3362024,Rosebank,Rosebank,-33.95556,18.47417,PPL,ZA,10000,Africa/Johannesburg
974719,Molteno,Molteno,-31.39675,26.36246,PPLA3,ZA,10078,Africa/Johannesburg
1011918,DaniÇ®lskuil,Danielskuil,-28.18873,23.53951,PPL,ZA,10123,Africa/Johannesburg
974222,Mooirivier,Mooirivier,-29.20824,29.9946,PPL,ZA,10132,Africa/Johannesburg
990802,Kirkwood,Kirkwood,-33.39829,25.44279,PPLA3,ZA,10148,Africa/Johannesburg
949683,Thabazimbi,Thabazimbi,-24.59165,27.41155,PPLA3,ZA,10365,Africa/Johannesburg
3361142,Springbok,Springbok,-29.66434,17.8865,PPLA2,ZA,10438,Africa/Johannesburg
942683,Vredefort,Vredefort,-27.00805,27.3646,PPL,ZA,10649,Africa/Johannesburg
944540,Ventersburg,Ventersburg,-28.08561,27.13814,PPL,ZA,10698,Africa/Johannesburg
978677,Marquard,Marquard,-28.66449,27.43048,PPL,ZA,10839,Africa/Johannesburg
994939,Ilinge,Ilinge,-31.97676,27.04267,PPL,ZA,10899,Africa/Johannesburg
939608,Winburg,Winburg,-28.51805,27.00933,PPL,ZA,11072,Africa/Johannesburg
964090,Prieska,Prieska,-29.66803,22.74251,PPLA3,ZA,11236,Africa/Johannesburg
943937,Villiers,Villiers,-27.03026,28.60061,PPL,ZA,11240,Africa/Johannesburg
987875,Koppies,Koppies,-27.24179,27.57422,PPL,ZA,11445,Africa/Johannesburg
1021040,Barkly West,Barkly West,-28.53537,24.52151,PPLA3,ZA,11621,Africa/Johannesburg
949026,Thulamahashi,Thulamahashi,-24.72459,31.19939,PPL,ZA,11655,Africa/Johannesburg
1005781,Elliot,Elliot,-31.33333,27.85,PPL,ZA,11836,Africa/Johannesburg
1020340,Belfast,Belfast,-25.68991,30.03504,PPLA3,ZA,11916,Africa/Johannesburg
940186,Whittlesea,Whittlesea,-32.17588,26.82437,PPL,ZA,12080,Africa/Johannesburg
1015969,Brandfort,Brandfort,-28.70008,26.45968,PPL,ZA,12091,Africa/Johannesburg
987648,Koster,Koster,-25.86301,26.89756,PPLA3,ZA,12126,Africa/Johannesburg
1023656,Adelaide,Adelaide,-32.70747,26.29564,PPLA3,ZA,12212,Africa/Johannesburg
1013266,Clocolan,Clocolan,-28.91367,27.56555,PPL,ZA,12318,Africa/Johannesburg
1010962,Deneysville,Deneysville,-26.8908,28.09707,PPL,ZA,12397,Africa/Johannesburg
1013076,Colesberg,Colesberg,-30.71999,25.09718,PPLA3,ZA,12423,Africa/Johannesburg
937246,Zastron,Zastron,-30.30225,27.08395,PPLA3,ZA,12449,Africa/Johannesburg
951441,Sundumbili,Sundumbili,-29.13371,31.39752,PPL,ZA,12455,Africa/Johannesburg
979365,Mankoeng,Mankoeng,-23.9,29.81667,PPL,ZA,12499,Africa/Johannesburg
1014653,Burgersdorp,Burgersdorp,-30.99766,26.32862,PPLA3,ZA,12548,Africa/Johannesburg
1015694,Breyten,Breyten,-26.30176,29.98696,PPL,ZA,12550,Africa/Johannesburg
995573,Hoopstad,Hoopstad,-27.83273,25.90833,PPL,ZA,12663,Africa/Johannesburg
1003462,Ga-Kgapane,Ga-Kgapane,-23.64378,30.22324,PPL,ZA,13000,Africa/Johannesburg
994023,Jan Kempdorp,Jan Kempdorp,-27.92246,24.83051,PPL,ZA,13485,Africa/Johannesburg
1001736,Glencoe,Glencoe,-28.17827,30.14702,PPL,ZA,13547,Africa/Johannesburg
950709,Swellendam,Swellendam,-34.02262,20.44171,PPLA3,ZA,13674,Africa/Johannesburg
1000006,Greytown,Greytown,-29.06415,30.59279,PPLA3,ZA,13912,Africa/Johannesburg
980595,Mahikeng,Mahikeng,-25.86522,25.64421,PPLA,ZA,14000,Africa/Johannesburg
1006420,Ekuvukeni,Ekuvukeni,-28.46752,30.15513,PPL,ZA,14331,Africa/Johannesburg
3369098,Claremont,Claremont,-33.98056,18.46528,PPL,ZA,14531,Africa/Johannesburg
942701,Vrede,Vrede,-27.42573,29.16585,PPLA3,ZA,14622,Africa/Johannesburg
1005040,Eshowe,Eshowe,-28.88649,31.4699,PPLA3,ZA,14786,Africa/Johannesburg
3359736,Vredendal,Vredendal,-31.66833,18.50119,PPLA3,ZA,14806,Africa/Johannesburg
1015776,Bredasdorp,Bredasdorp,-34.53215,20.04031,PPLA2,ZA,14936,Africa/Johannesburg
1020066,Berea,Berea,-29.85185,30.99337,PPL,ZA,15000,Africa/Johannesburg
987202,Kriel,Kriel,-26.27391,29.2253,PPL,ZA,15055,Africa/Johannesburg
7302802,Rondebosch,Rondebosch,-33.96333,18.47639,PPL,ZA,15158,Africa/Johannesburg
996930,Hendrina,Hendrina,-26.15881,29.71528,PPL,ZA,15871,Africa/Johannesburg
938694,White River,White River,-25.33177,31.01166,PPL,ZA,15954,Africa/Johannesburg
954161,Somerset East,Somerset East,-32.72173,25.58804,PPLA3,ZA,16155,Africa/Johannesburg
962847,Reitz,Reitz,-27.80138,28.42726,PPLA3,ZA,16637,Africa/Johannesburg
946973,Tzaneen,Tzaneen,-23.83322,30.16351,PPLA3,ZA,16954,Africa/Johannesburg
1018673,Bloemhof,Bloemhof,-27.64685,25.60697,PPL,ZA,17122,Africa/Johannesburg
1021360,Ballitoville,Ballitoville,-29.53897,31.21439,PPL,ZA,17218,Africa/Johannesburg
985015,Ladybrand,Ladybrand,-29.19448,27.45739,PPLA3,ZA,17228,Africa/Johannesburg
3364682,Lansdowne,Lansdowne,-33.98735,18.49746,PPLX,ZA,17399,Africa/Johannesburg
1013550,Christiana,Christiana,-27.91402,25.16111,PPLA3,ZA,17523,Africa/Johannesburg
937136,Zeerust,Zeerust,-25.53695,26.07512,PPLA3,ZA,17708,Africa/Johannesburg
941931,Warrenton,Warrenton,-28.11396,24.84753,PPLA3,ZA,17946,Africa/Johannesburg
964432,Port Alfred,Port Alfred,-33.59057,26.89104,PPLA3,ZA,17959,Africa/Johannesburg
976358,Middelburg,Middelburg,-31.49285,25.00633,PPL,ZA,18164,Africa/Johannesburg
986717,Kruisfontein,Kruisfontein,-34.00333,24.73142,PPL,ZA,18991,Africa/Johannesburg
964712,Plettenberg Bay,Plettenberg Bay,-34.05274,23.3716,PPLA3,ZA,19445,Africa/Johannesburg
963525,Queensdale,Queensdale,-31.87101,26.97862,PPL,ZA,20009,Africa/Johannesburg
976885,Messina,Messina,-22.35131,30.0396,PPL,ZA,20191,Africa/Johannesburg
946128,Umkomaas,Umkomaas,-30.20674,30.79776,PPL,ZA,20410,Africa/Johannesburg
956767,Secunda,Secunda,-26.55,29.16667,PPLA2,ZA,20418,Africa/Johannesburg
988290,Komatipoort,Komatipoort,-25.43321,31.95478,PPL,ZA,20508,Africa/Johannesburg
968665,Modimolle,Modimolle,-24.7,28.4,PPLA2,ZA,20527,Africa/Johannesburg
946257,Ulundi,Ulundi,-28.33523,31.41617,PPLA2,ZA,20753,Africa/Johannesburg
981158,Lydenburg,Lydenburg,-25.09598,30.44393,PPLA3,ZA,21695,Africa/Johannesburg
966380,Pampierstad,Pampierstad,-27.78324,24.68768,PPL,ZA,21800,Africa/Johannesburg
996918,Hennenman,Hennenman,-27.97654,27.02423,PPL,ZA,22847,Africa/Johannesburg
956878,Scottburgh,Scottburgh,-30.28666,30.75316,PPLA3,ZA,23949,Africa/Johannesburg
1007514,Duiwelskloof,Duiwelskloof,-23.69339,30.14002,PPL,ZA,24572,Africa/Johannesburg
985011,Lady Frere,Lady Frere,-31.70312,27.2329,PPLA3,ZA,25041,Africa/Johannesburg
3366880,Hermanus,Hermanus,-34.4187,19.23446,PPLA3,ZA,25153,Africa/Johannesburg
988356,Kokstad,Kokstad,-30.54723,29.42412,PPLA3,ZA,25373,Africa/Johannesburg
1012413,Cullinan,Cullinan,-25.67088,28.52364,PPL,ZA,25490,Africa/Johannesburg
973139,Mpophomeni,Mpophomeni,-29.56822,30.18618,PPL,ZA,26229,Africa/Johannesburg
955313,Siyabuswa,Siyabuswa,-25.11319,29.04454,PPLA3,ZA,26236,Africa/Johannesburg
1015504,Bronkhorstspruit,Bronkhorstspruit,-25.81015,28.74248,PPL,ZA,27343,Africa/Johannesburg
1005544,Empangeni,Empangeni,-28.76197,31.89329,PPL,ZA,28093,Africa/Johannesburg
1008261,Driefontein,Driefontein,-27.0177,30.44979,PPL,ZA,28127,Africa/Johannesburg
995202,Howick,Howick,-29.47795,30.23057,PPLA3,ZA,28725,Africa/Johannesburg
3367513,Grabouw,Grabouw,-34.15152,19.01509,PPL,ZA,29885,Africa/Johannesburg
970341,Nkowakowa,Nkowakowa,-23.88782,30.28708,PPL,ZA,30138,Africa/Johannesburg
1023287,Allanridge,Allanridge,-27.75431,26.64382,PPL,ZA,31700,Africa/Johannesburg
8604596,Retreat,Retreat,-34.05515,18.47617,PPL,ZA,32289,Africa/Johannesburg
1011632,De Aar,De Aar,-30.64966,24.0123,PPLA2,ZA,32318,Africa/Johannesburg
962330,Richmond,Richmond,-29.87196,30.27235,PPLA3,ZA,32445,Africa/Johannesburg
1012600,Cradock,Cradock,-32.16422,25.61918,PPLA3,ZA,32898,Africa/Johannesburg
984087,Lebowakgomo,Lebowakgomo,-24.2,29.5,PPL,ZA,33308,Africa/Johannesburg
1014489,Butterworth,Butterworth,-32.33083,28.14981,PPL,ZA,34353,Africa/Johannesburg
978895,Margate,Margate,-30.8636,30.37052,PPL,ZA,34407,Africa/Johannesburg
949282,Theunissen,Theunissen,-28.41098,26.70107,PPLA3,ZA,34718,Africa/Johannesburg
3364346,Malmesbury,Malmesbury,-33.4608,18.72714,PPLA3,ZA,34991,Africa/Johannesburg
997751,Harrismith,Harrismith,-28.27276,29.12946,PPL,ZA,35108,Africa/Johannesburg
951650,Stutterheim,Stutterheim,-32.57076,27.42396,PPLA3,ZA,35510,Africa/Johannesburg
1001860,Giyani,Giyani,-23.30246,30.71868,PPLA2,ZA,37024,Africa/Johannesburg
1105726,Ekangala,Ekangala,-25.69619,28.74918,PPL,ZA,37650,Africa/Johannesburg
949703,Thaba Nchu,Thaba Nchu,-29.20932,26.83898,PPL,ZA,38616,Africa/Johannesburg
956507,Senekal,Senekal,-28.31971,27.62082,PPL,ZA,39584,Africa/Johannesburg
1005125,Ermelo,Ermelo,-26.53333,29.98333,PPLA3,ZA,41124,Africa/Johannesburg
3369129,Ceres,Ceres,-33.36889,19.31095,PPLA3,ZA,41596,Africa/Johannesburg
940424,Wesselsbron,Wesselsbron,-27.8549,26.36583,PPL,ZA,42552,Africa/Johannesburg
943032,Volksrust,Volksrust,-27.36541,29.88175,PPLA3,ZA,43378,Africa/Johannesburg
949224,Thohoyandou,Thohoyandou,-22.94564,30.48497,PPLA2,ZA,44046,Africa/Johannesburg
1023309,Aliwal North,Aliwal North,-30.69366,26.71141,PPLA3,ZA,44436,Africa/Johannesburg
1020641,Beaufort West,Beaufort West,-32.35671,22.58295,PPLA2,ZA,44737,Africa/Johannesburg
974670,Mondlo,Mondlo,-27.98299,30.71769,PPL,ZA,44922,Africa/Johannesburg
1021396,Balfour,Balfour,-26.66331,28.59016,PPLA3,ZA,46008,Africa/Johannesburg
1005029,eSikhawini,eSikhawini,-28.87097,31.89961,PPL,ZA,49265,Africa/Johannesburg
938457,Wolmaransstad,Wolmaransstad,-27.1974,25.98311,PPLA3,ZA,49366,Africa/Johannesburg
942511,Vryburg,Vryburg,-26.95659,24.7284,PPLA2,ZA,49588,Africa/Johannesburg
964406,Port Shepstone,Port Shepstone,-30.74137,30.45499,PPLA2,ZA,52793,Africa/Johannesburg
943960,Viljoenskroon,Viljoenskroon,-27.20841,26.94855,PPL,ZA,54955,Africa/Johannesburg
997140,Heilbron,Heilbron,-27.28115,27.9709,PPL,ZA,55196,Africa/Johannesburg
3365083,Kraaifontein,Kraaifontein,-33.84808,18.71723,PPL,ZA,57911,Africa/Johannesburg
1003953,Fort Beaufort,Fort Beaufort,-32.77477,26.63376,PPLA3,ZA,58419,Africa/Johannesburg
952734,Stanger,Stanger,-29.32816,31.28954,PPL,ZA,59899,Africa/Johannesburg
3370352,Atlantis,Atlantis,-33.56668,18.48335,PPL,ZA,60266,Africa/Johannesburg
1004109,Fochville,Fochville,-26.48862,27.49387,PPL,ZA,62416,Africa/Johannesburg
1000543,Graaff-Reinet,Graaff-Reinet,-32.25215,24.53075,PPLA3,ZA,62896,Africa/Johannesburg
988698,Knysna,Knysna,-34.03627,23.04713,PPLA3,ZA,63106,Africa/Johannesburg
997151,Heidelberg,Heidelberg,-26.50476,28.35921,PPLA3,ZA,64199,Africa/Johannesburg
982899,Lichtenburg,Lichtenburg,-26.152,26.15968,PPLA3,ZA,65863,Africa/Johannesburg
1021086,Barberton,Barberton,-25.78842,31.05319,PPLA3,ZA,67927,Africa/Johannesburg
3361934,Saldanha,Saldanha,-33.01167,17.9442,PPL,ZA,68284,Africa/Johannesburg
1002851,Ga-Rankuwa,Ga-Rankuwa,-25.61692,27.99471,PPL,ZA,68767,Africa/Johannesburg
956907,Schweizer-Reneke,Schweizer-Reneke,-27.18871,25.32931,PPLA3,ZA,70214,Africa/Johannesburg
966166,Parys,Parys,-26.9033,27.45727,PPLA3,ZA,71319,Africa/Johannesburg
945945,Upington,Upington,-28.44776,21.25612,PPLA2,ZA,71373,Africa/Johannesburg
1016698,Bothaville,Bothaville,-27.3887,26.61701,PPLA3,ZA,71934,Africa/Johannesburg
952747,Standerton,Standerton,-26.93366,29.24152,PPLA3,ZA,74021,Africa/Johannesburg
967106,Oudtshoorn,Oudtshoorn,-33.60047,22.19955,PPLA3,ZA,76708,Africa/Johannesburg
975436,Mmabatho,Mmabatho,-25.85,25.63333,PPLX,ZA,76754,Africa/Johannesburg
957487,Sasolburg,Sasolburg,-26.81358,27.81695,PPLA2,ZA,77016,Africa/Johannesburg
946058,Mthatha,Mthatha,-31.58893,28.78443,PPL,ZA,78663,Africa/Johannesburg
1019704,Bethlehem,Bethlehem,-28.23078,28.30707,PPLA3,ZA,83654,Africa/Johannesburg
965401,Phuthaditjhaba,Phuthaditjhaba,-28.52423,28.81582,PPLA2,ZA,84258,Africa/Johannesburg
965241,Piet Retief,Piet Retief,-27.00706,30.81323,PPLA3,ZA,84349,Africa/Johannesburg
1007400,Dundee,Dundee,-28.16678,30.23371,PPLA2,ZA,84413,Africa/Johannesburg
981827,Louis Trichardt,Louis Trichardt,-23.04385,29.90319,PPLA3,ZA,86854,Africa/Johannesburg
941966,Warmbaths,Warmbaths,-24.88333,28.28333,PPL,ZA,90210,Africa/Johannesburg
1000501,Grahamstown,Grahamstown,-33.30422,26.53276,PPLA3,ZA,91548,Africa/Johannesburg
1011031,Delmas,Delmas,-26.1466,28.68322,PPLA3,ZA,92046,Africa/Johannesburg
952192,Stilfontein,Stilfontein,-26.84493,26.76829,PPL,ZA,93110,Africa/Johannesburg
3361025,Stellenbosch,Stellenbosch,-33.93462,18.86676,PPLA3,ZA,94263,Africa/Johannesburg
986083,Kutloanong,Kutloanong,-27.83333,26.75,PPL,ZA,95008,Africa/Johannesburg
980921,Mabopane,Mabopane,-25.49768,28.10065,PPL,ZA,97417,Africa/Johannesburg
964315,Mokopane,Mokopane,-24.19436,29.00974,PPLA3,ZA,101090,Africa/Johannesburg
1019760,Bethal,Bethal,-26.45794,29.46553,PPL,ZA,101919,Africa/Johannesburg
986846,Kroonstad,Kroonstad,-27.65036,27.23488,PPLA3,ZA,103992,Africa/Johannesburg
963516,Queenstown,Queenstown,-31.89756,26.87533,PPLA2,ZA,105309,Africa/Johannesburg
965528,Phalaborwa,Phalaborwa,-23.94299,31.14107,PPLA3,ZA,109468,Africa/Johannesburg
971534,Nelspruit,Nelspruit,-25.47448,30.97033,PPLA,ZA,110159,Africa/Johannesburg
1015621,Brits,Brits,-25.63473,27.78022,PPLA3,ZA,122497,Africa/Johannesburg
943882,Virginia,Virginia,-28.10391,26.86593,PPL,ZA,122502,Africa/Johannesburg
964349,Potchefstroom,Potchefstroom,-26.71667,27.1,PPLA3,ZA,123669,Africa/Johannesburg
965289,Polokwane,Polokwane,-23.90449,29.46885,PPLA,ZA,123749,Africa/Johannesburg
958724,Rustenburg,Rustenburg,-25.66756,27.24208,PPLA3,ZA,124064,Africa/Johannesburg
3359041,Worcester,Worcester,-33.64651,19.44852,PPLA2,ZA,127597,Africa/Johannesburg
963230,Randfontein,Randfontein,-26.1844,27.70203,PPLA2,ZA,133654,Africa/Johannesburg
1019330,Bhisho,Bhisho,-32.84721,27.44218,PPLA,ZA,137287,Africa/Johannesburg
973111,Mpumalanga,Mpumalanga,-29.81292,30.63646,PPL,ZA,140121,Africa/Johannesburg
970566,Nigel,Nigel,-26.43138,28.47713,PPL,ZA,140644,Africa/Johannesburg
1005646,eMbalenhle,eMbalenhle,-26.53333,29.06667,PPL,ZA,141741,Africa/Johannesburg
990930,Kimberley,Kimberley,-28.73226,24.76232,PPLA,ZA,142089,Africa/Johannesburg
967476,Orkney,Orkney,-26.98023,26.67272,PPL,ZA,145801,Africa/Johannesburg
973709,Mossel Bay,Mossel Bay,-34.18307,22.14605,PPLA3,ZA,150000,Africa/Johannesburg
942470,Vryheid,Vryheid,-27.76952,30.79165,PPLA3,ZA,150012,Africa/Johannesburg
976361,Middelburg,Middelburg,-25.77507,29.46482,PPLA2,ZA,154706,Africa/Johannesburg
940316,Westonaria,Westonaria,-26.31905,27.6486,PPLA3,ZA,156831,Africa/Johannesburg
1105776,Midrand,Midrand,-25.98953,28.12843,PPL,ZA,173009,Africa/Johannesburg
1002145,George,George,-33.963,22.46173,PPLA2,ZA,174582,Africa/Johannesburg
989921,Klerksdorp,Klerksdorp,-26.85213,26.66672,PPLA2,ZA,178921,Africa/Johannesburg
1014073,Carletonville,Carletonville,-26.36094,27.39767,PPLA3,ZA,182304,Africa/Johannesburg
952865,Springs,Springs,-26.25,28.4,PPLX,ZA,186394,Africa/Johannesburg
3363094,Paarl,Paarl,-33.73378,18.97523,PPLA3,ZA,190000,Africa/Johannesburg
936374,Roodepoort,Roodepoort,-26.1625,27.8725,PPL,ZA,225000,Africa/Johannesburg
946877,Uitenhage,Uitenhage,-33.75757,25.3971,PPL,ZA,228912,Africa/Johannesburg
1105777,Centurion,Centurion,-25.85891,28.18577,PPL,ZA,233386,Africa/Johannesburg
944986,Vanderbijlpark,Vanderbijlpark,-26.71171,27.83795,PPLA3,ZA,246754,Africa/Johannesburg
962367,Richards Bay,Richards Bay,-28.78301,32.03768,PPLA2,ZA,252968,Africa/Johannesburg
939270,Witbank,Witbank,-25.87133,29.23323,PPLA3,ZA,262491,Africa/Johannesburg
1016181,Brakpan,Brakpan,-26.23656,28.36938,PPL,ZA,305692,Africa/Johannesburg
1016670,Botshabelo,Botshabelo,-29.27016,26.7052,PPL,ZA,309714,Africa/Johannesburg
8764562,Diepsloot,Diepsloot,-25.93312,28.01213,PPLX,ZA,350000,Africa/Johannesburg
986822,Krugersdorp,Krugersdorp,-26.08577,27.77515,PPLA3,ZA,378821,Africa/Johannesburg
971421,Newcastle,Newcastle,-27.75796,29.9318,PPLA2,ZA,404838,Africa/Johannesburg
940909,Welkom,Welkom,-27.97742,26.73506,PPLA2,ZA,431944,Africa/Johannesburg
1017780,Boksburg,Boksburg,-26.21197,28.25958,PPL,ZA,445168,Africa/Johannesburg
1018725,Bloemfontein,Bloemfontein,-29.12107,26.214,PPLA,ZA,463064,Africa/Johannesburg
944385,Vereeniging,Vereeniging,-26.67313,27.92615,PPLA2,ZA,474681,Africa/Johannesburg
1006984,East London,East London,-33.01529,27.91162,PPLA2,ZA,478676,Africa/Johannesburg
949880,Tembisa,Tembisa,-25.99636,28.2268,PPL,ZA,511655,Africa/Johannesburg
1020098,Benoni,Benoni,-26.18848,28.32078,PPL,ZA,605344,Africa/Johannesburg
965301,Pietermaritzburg,Pietermaritzburg,-29.61679,30.39278,PPLA,ZA,750845,Africa/Johannesburg
964420,Port Elizabeth,Port Elizabeth,-33.91799,25.57007,PPLA2,ZA,967677,Africa/Johannesburg
964137,Pretoria,Pretoria,-25.74486,28.18783,PPLC,ZA,1619438,Africa/Johannesburg
953781,Soweto,Soweto,-26.26781,27.85849,PPL,ZA,1695047,Africa/Johannesburg
993800,Johannesburg,Johannesburg,-26.20227,28.04363,PPLA,ZA,2026469,Africa/Johannesburg
1007311,Durban,Durban,-29.8579,31.0292,PPLA2,ZA,3120282,Africa/Johannesburg
3369157,Cape Town,Cape Town,-33.92584,18.42322,PPLA,ZA,3433441,Africa/Johannesburg
993911,Jeffrey\'s Bay,Jeffrey\'s Bay,-34.05045,24.90768,PPL,ZA,11698,Africa/Johannesburg
964408,Port Saint John\'s,Port Saint John\'s,-31.62291,29.54477,PPL,ZA,5939,Africa/Johannesburg
